{"cameraMode":{"drawMode":0,"name":"Shaded","section":"Shading Mode"},"sceneLighting":true,"audioPlay":false,"sceneViewState":{"showFog":true,"showMaterialUpdate":false,"showSkybox":true,"showFlares":true,"showImageEffects":true,"showParticleSystems":true},"in2DMode":false,"pivot":{"x":1.579239845275879,"y":-12.68368148803711,"z":-12.067493438720704},"rotation":{"x":-0.44780853390693667,"y":-0.5472371578216553,"z":0.44781267642974856,"w":-0.5472320318222046},"size":71.67269134521485,"orthographic":false}