{"cameraMode":{"drawMode":0,"name":"Shaded","section":"Shading Mode"},"sceneLighting":false,"audioPlay":false,"sceneViewState":{"showFog":true,"showMaterialUpdate":false,"showSkybox":true,"showFlares":true,"showImageEffects":true,"showParticleSystems":true},"in2DMode":false,"pivot":{"x":0.0,"y":2.929044246673584,"z":0.08550000190734863},"rotation":{"x":-0.08151260018348694,"y":0.012256194837391377,"z":-0.00100232835393399,"w":-0.9965964555740356},"size":3.572338104248047,"orthographic":false}