{"cameraMode":{"drawMode":0,"name":"Shaded","section":"Shading Mode"},"sceneLighting":false,"audioPlay":false,"sceneViewState":{"showFog":true,"showMaterialUpdate":false,"showSkybox":true,"showFlares":true,"showImageEffects":true,"showParticleSystems":true},"in2DMode":false,"pivot":{"x":0.0,"y":2.929044246673584,"z":0.08550000190734863},"rotation":{"x":-0.07934918999671936,"y":0.9122271537780762,"z":-0.21196602284908296,"w":-0.3414905071258545},"size":5.072338581085205,"orthographic":false}