{"cameraMode":{"drawMode":0,"name":"Shaded","section":"Shading Mode"},"sceneLighting":false,"audioPlay":false,"sceneViewState":{"showFog":true,"showMaterialUpdate":false,"showSkybox":true,"showFlares":true,"showImageEffects":true,"showParticleSystems":true},"in2DMode":false,"pivot":{"x":-3.274961233139038,"y":13.594589233398438,"z":-4.54799747467041},"rotation":{"x":0.3122432827949524,"y":0.6382742524147034,"z":-0.3173443377017975,"w":0.6280149817466736},"size":3.573544979095459,"orthographic":false}